{
	"name" : "Siyah",
	"crf" : "C:\\Users\\Mustafa\\Documents\\E2EHDR.isikmustafa\\cameras\\response_210.json",
	"exposure" : 0.01,
	"rtsp_url" : "rtsp://admin:admin@192.168.200.20/media/video1",
	"undistort" : 
	{
		"image_size": [1280, 720],
		"distort_coeffs" : 
		[
			-0.58179279888273083, 
			0.76873518296930821, 
			0, 
			0, 
			0.59197125404147499
		],
		"focal_length" : 
		{
			"x" : 1083.7449050061734,
			"y" : 1083.7449050061734
		},
		"optical_center" : 
		{
			"x" : 639.5,
			"y" : 368.5
		}
	}
}